consultation_type,count,avg_wer,avg_similarity,avg_medical_accuracy,avg_speaker_accuracy
consultation,10,0.7036660425109239,0.5948509845714585,0.9121212121212121,0.970419403382045
followup,10,1.0095986932528866,0.3948457497640422,0.8638888888888889,0.9733358473005967
