consultation_type,count,avg_wer,avg_similarity,avg_medical_accuracy,avg_speaker_accuracy
consultation,10,1.1269632797477667,0.5949309860219083,0.8207799145299145,0.7677426739926739
followup,10,0.8247062357956836,0.70443385918376,0.8957142857142857,0.8173214285714285
