consultation_type,count,avg_wer,avg_similarity,avg_medical_accuracy,avg_speaker_accuracy
consultation,10,0.6093414193466872,0.7974358158187502,0.8846459096459096,0.8169869289161085
followup,10,0.5184817124451445,0.8276126519295577,0.9298076923076923,0.8552530090013433
