consultation_type,count,avg_wer,avg_similarity,avg_medical_accuracy,avg_speaker_accuracy
consultation,10,0.8838353296523772,0.6804842188717325,0.8200518925518925,0.8137866137525579
followup,10,0.4648332007999839,0.7901282128389261,0.8465404040404041,0.8222474747474747
