consultation_type,count,avg_wer,avg_similarity,avg_medical_accuracy,avg_speaker_accuracy
consultation,10,1.1893277614100493,0.5599276654552695,0.8256349206349206,0.7823837215967206
followup,10,1.3804252352252004,0.44311628720669755,0.876309523809524,0.8944059420906285
