consultation_type,count,avg_wer,avg_similarity,avg_medical_accuracy,avg_speaker_accuracy
consultation,10,0.32063231488417215,0.8192391077324753,0.8805277892042597,0.9689796951555542
followup,10,0.7557818524730896,0.8318071704404442,0.9177195027195026,0.9712481237717251
