consultation_type,count,avg_wer,avg_similarity,avg_medical_accuracy,avg_speaker_accuracy
consultation,10,0.5980716892880669,0.7750971026550719,0.9063553113553112,0.8454212454212453
followup,10,0.7229186986081679,0.7705009843593158,0.9502564102564103,0.901048951048951
