wer,similarity,bleu,medical_term_accuracy,speaker_accuracy
0.13777777777777778,0.8669354838709677,0.8669354838709677,1.0,0.0
0.18248175182481752,0.8232044198895028,0.8232044198895028,1.0,0.0
