wer,similarity,bleu,medical_term_accuracy,speaker_accuracy
0.085,0.9324149806284976,0.9324149806284976,1.0,0.0
0.11398963730569948,0.9383886255924171,0.9383886255924171,1.0,0.0
