consultation_type,count,avg_wer,avg_similarity,avg_medical_accuracy,avg_speaker_accuracy
consultation,10,0.2760307129820994,0.8543016838916888,0.9427564102564103,0.9714498296631457
followup,10,0.28263902413323183,0.87382121214458,0.9450854700854702,0.9723973024635629
