consultation_type,count,avg_wer,avg_similarity,avg_medical_accuracy,avg_speaker_accuracy
consultation,10,1.0812807088973009,0.5923390394915977,0.8486309523809524,0.7758928571428572
followup,10,0.7490157036044897,0.7423205953158609,0.9040476190476191,0.7989880952380953
