consultation_type,count,avg_wer,avg_similarity,avg_medical_accuracy,avg_speaker_accuracy
consultation,10,0.7239958144148472,0.7019022170040131,0.7831471306471306,0.7702076699625133
followup,10,0.4684717542958892,0.7937054759501365,0.8876515151515152,0.8467521866868397
