wer,similarity,bleu,medical_term_accuracy,speaker_accuracy
0.17735849056603772,0.8816355810616929,0.8816355810616929,0.8333333333333334,0.0
0.152317880794702,0.8158821645853346,0.8158821645853346,0.9,0.0
