wer,similarity,bleu,medical_term_accuracy,speaker_accuracy
0.176,0.8853073463268366,0.8853073463268366,0.875,0.0
0.16722408026755853,0.43020736614051375,0.43020736614051375,0.8888888888888888,0.0
